DIA,KWH
4/22/2023,2496.430447
4/21/2023,1248.15582
4/20/2023,1166.07887
4/19/2023,0
4/18/2023,0
4/17/2023,0
4/16/2023,0
