DIA,KWH Meter,KWH Calculate
4/22/2023,1412.650525,1772.699046
4/21/2023,1354.568,1652.57296
4/20/2023,1248.526,1523.20172
4/19/2023,1166.07887,1422.616221
4/18/2023,0,0
4/17/2023,0,0
4/16/2023,0,0
