DIA,KWH Meter,KWH Calculate
4/22/2023,2784.528532,1652
4/21/2023,1275.678,1652
4/20/2023,1355.764,1652
4/19/2023,1354.568,1652
4/18/2023,1248.526,1652
4/17/2023,1166.07887,1652
4/16/2023,0,0
