DIA,KWH Meter,KWH Calculate
4/22/2023,1438.658832,2156
4/21/2023,1345.8697,2156
4/20/2023,1275.678,2156
4/19/2023,1355.764,2156
4/18/2023,1354.568,2156
4/17/2023,1248.526,2156
4/16/2023,1166.07887,2156
